goalkeeper,penalties_faced,total_expected_goals,actual_goals_conceded,gpaa
Gianluigi Donnarumma,12,8.841397443442743,6,2.8413974434427427
Loris Karius,6,4.172437886973318,3,1.1724378869733183
Wojciech Szczęsny,8,6.050460727022181,5,1.0504607270221813
Javier Varas Herrera,3,1.9847868955744747,1,0.9847868955744747
Lukáš Hrádecký,3,1.9561082349896428,1,0.9561082349896428
Bradley Guzan,1,0.9399597025262261,0,0.9399597025262261
Lionel Mpasi-Nzau,1,0.9021881663703466,0,0.9021881663703466
Federico Marchetti,4,1.8616547892216164,1,0.8616547892216164
Davide Bassi,1,0.8500272442853491,0,0.8500272442853491
Pedro David Gallese Quiróz,1,0.8154856874454829,0,0.8154856874454829
Franco Costanzo,1,0.8144975251478398,0,0.8144975251478398
Johny Placide,1,0.8132269808396074,0,0.8132269808396074
Rubén Iván Martínez Andrade,4,2.810401625114978,2,0.8104016251149782
Francis Odinaka Uzoho,1,0.7788125659883733,0,0.7788125659883733
Antonio Adán Garrido,3,1.7647725236148322,1,0.7647725236148322
Martin Dúbravka,1,0.7643240574681436,0,0.7643240574681436
Alexandre Letellier,4,3.760908745462176,3,0.7609087454621761
Joel Robles Blázquez,2,1.7570918472573758,1,0.7570918472573758
Uğurcan Çakır,1,0.7469781542797095,0,0.7469781542797095
Gerónimo Rulli,5,3.6616179655908088,3,0.6616179655908088
Jean-Louis Leca,2,1.6479563372124055,1,0.6479563372124055
Andrés Eduardo Fernández Moreno,5,4.637048020115978,4,0.6370480201159783
Alexander Domínguez Carabalí,2,1.6306174751752784,1,0.6306174751752784
Heurelho da Silva Gomes,5,3.60020689033146,3,0.6002068903314601
Keylor Navas Gamboa,6,4.59281792007499,4,0.5928179200749897
Unai Simón Mendibil,5,2.58395715342283,2,0.5839571534228298
Sergio Rico González,2,1.5792338255380898,1,0.5792338255380898
Dimitry Bertaud,4,3.576690133196691,3,0.5766901331966912
Sergio Rochet Álvarez,5,3.5434552384629803,3,0.5434552384629803
Damián Emiliano Martínez,4,3.428196629827176,3,0.428196629827176
Jesús Fernández Collado,1,0.4258317434483735,0,0.4258317434483735
Jordan Pickford,10,6.400157851548712,6,0.40015785154871164
Rehnesh Thumbirumbu Paramba,1,0.08899465128712589,0,0.08899465128712589
Artur Boruc,1,0.087580115933917,0,0.087580115933917
Alireza Safar Beiranvand,1,0.08198763708699237,0,0.08198763708699237
Iker Casillas Fernández,2,1.0645218740021571,1,0.06452187400215714
Jordi Masip López,2,1.0533347738271637,1,0.05333477382716367
Vid Belec,2,1.0490192339988709,1,0.04901923399887087
Alban Lafont,1,0.04453320145607987,0,0.04453320145607987
Yoel Rodríguez Oterino,3,2.0420848927916255,2,0.04208489279162553
Jasper Cillessen,1,0.04057113237308391,0,0.04057113237308391
Albano Benjamín Bizzarri,3,1.0307313686387682,1,0.03073136863876824
Jaroslav Drobný,1,0.026647673939044724,0,0.026647673939044724
Emiliano Viviano,5,2.0258945070100665,2,0.02589450701006646
Jonas Omlin,2,1.0202251805472102,1,0.02022518054721023
Koen Casteels,1,0.020065867851957922,0,0.020065867851957922
Jaume Doménech Sánchez,2,0.019876555028904546,0,0.019876555028904546
Karl Darlow,1,0.016433578564547816,0,0.016433578564547816
Ricardo Alexandre Martins Soares Pereira,1,0.016368048001054618,0,0.016368048001054618
Yassine Bounou,1,0.016368048001054618,0,0.016368048001054618
Gabriel Vasconelos Ferreira,1,0.015194558573805982,0,0.015194558573805982
Ørjan Håskjold Nyland,1,0.013298108783760454,0,0.013298108783760454
Hannes Þór Halldórsson,1,0.008894973947819166,0,0.008894973947819166
Andrés Palop Cervera,2,1.0064754119305022,1,0.006475411930502162
Etrit Berisha,2,1.0062872883607956,1,0.006287288360795618
Mohammad Nawaz,3,1.996123919476811,2,-0.003876080523188996
Timo Hildebrand,1,0.9953238670762975,1,-0.004676132923702503
Asier Riesgo Unamuno,4,1.9921298461046877,2,-0.007870153895312315
Rodrigo Mario Morínigo Acosta,1,0.9889086649803067,1,-0.011091335019693283
Vishal Kaith,1,0.9885345247770425,1,-0.011465475222957489
Diego Orlando Benaglio,1,0.9884191292507241,1,-0.01158087074927594
Axel Werner,1,0.9868939847513298,1,-0.013106015248670166
Casto Espinosa Barriga,1,0.9844657263090906,1,-0.015534273690909428
Eike Immel,1,0.9834421147261417,1,-0.016557885273858264
Franco Armani,1,0.9829379779419057,1,-0.01706202205809426
Lloyd Junior Kazapua,1,0.9822514234049993,1,-0.01774857659500073
Miguel Ángel Moyà Rumbo,1,0.9819438892976281,1,-0.018056110702371897
Giedrius Arlauskis,1,0.9794464153897683,1,-0.020553584610231712
Mario Fernández Cuesta,1,0.9781751851896809,1,-0.02182481481031906
António Alberto Bastos Pimparel,1,0.9758802995099861,1,-0.024119700490013884
Péter Gulácsi,1,0.9758802995099861,1,-0.024119700490013884
Alejandro Remiro Gargallo,1,0.9755562206937559,1,-0.024443779306244084
David Soria Solís,1,0.9746100153544289,1,-0.025389984645571073
Stole Dimitrievski,1,0.974057115878358,1,-0.02594288412164203
Ralf Fährmann,1,0.9735982072743024,1,-0.026401792725697648
Seung-Gyu Kim,1,0.9728026424710167,1,-0.027197357528983335
Mark Schwarzer,1,0.9728026424710167,1,-0.027197357528983335
Marco Sportiello,3,0.9713797740870977,1,-0.028620225912902253
Matthew Charles Turner,1,0.971280411148543,1,-0.02871958885145698
Laurent Pionnier,1,0.9699236270607094,1,-0.030076372939290552
Tomáš Vaclík,1,0.9690208594075506,1,-0.03097914059244944
Christian Mathenia,1,0.9690208594075506,1,-0.03097914059244944
Rémy Vercoutre,1,0.9689931138405824,1,-0.0310068861594176
Fernando Pacheco Flores,3,1.9680146799509068,2,-0.03198532004909316
Alberto García Cabrera,1,0.967972955638097,1,-0.03202704436190296
Andreas Hirzel,1,0.9670136282169648,1,-0.03298637178303521
Ian Walker,1,0.9670136282169648,1,-0.03298637178303521
Iñaki Lafuente Sancha,1,0.9670136282169648,1,-0.03298637178303521
Nicola Leali,1,0.9667046248549666,1,-0.033295375145033446
Michael Zetterer,1,0.9656883790098588,1,-0.03431162099014118
Alberto Pelagotti,1,0.9615663471516988,1,-0.03843365284830125
Ben Foster,1,0.9590965038098608,1,-0.04090349619013922
Francisco Casilla Cortés,2,1.9589982803434616,2,-0.04100171965653843
Ricardo López Felipe,1,0.9586749789079736,1,-0.041325021092026404
Anthony Lopes,2,1.9569628022535777,2,-0.04303719774642234
Felipe Melo de Carvalho,1,0.954842128005291,1,-0.045157871994709
Arthur Desmas,1,0.9541762577486865,1,-0.04582374225131347
Johann Carrasso,2,1.9514793545260554,2,-0.048520645473944635
Grégory Coupet,1,0.9473949289003907,1,-0.052605071099609324
Alberto Brignoli,1,0.94733869617951,1,-0.052661303820489946
Mohammed Khalil Al Owais,1,0.9422622792771733,1,-0.05773772072282668
Idriss Carlos Kameni,5,3.940676974678226,4,-0.059323025321774026
Adrián San Miguel del Castillo,3,0.9403020170163647,1,-0.05969798298363527
Anthony Louis Mandréa,1,0.9396651479023146,1,-0.06033485209768541
Petr Čech,1,0.93942958180541,1,-0.06057041819458997
Oliver Baumann,1,0.93942958180541,1,-0.06057041819458997
Rune Almenning Jarstein,1,0.9370065607593723,1,-0.06299343924062772
Rubén Blanco Veiga,1,0.936202689603303,1,-0.063797310396697
Asmir Begović,1,0.9354712005022929,1,-0.06452879949770707
Vito Mannone,1,0.93339083802191,1,-0.06660916197808997
Jeremías Ledesma,1,0.9320897637427622,1,-0.0679102362572378
Manuel Neuer,1,0.931826766784933,1,-0.06817323321506696
Mory Diaw,1,0.931826766784933,1,-0.06817323321506696
Benjamin Lecomte,3,1.9289608090325239,2,-0.07103919096747613
Maxime Crépeau,1,0.928330326544946,1,-0.07166967345505404
Jessy Moulin,1,0.928330326544946,1,-0.07166967345505404
Cristian Darío Álvarez,3,2.9252057984563953,3,-0.07479420154360472
Yoan Cardinale,1,0.9248066643153577,1,-0.07519333568464226
Joe Hart,1,0.9242646623259556,1,-0.07573533767404439
Shaka Hislop,1,0.9242568579348273,1,-0.07574314206517274
Danijel Subašić,3,1.9161650070708756,2,-0.08383499292912444
Sergio Asenjo Andrés,2,1.914894283847762,2,-0.08510571615223794
Timo Horn,2,1.9124740748633147,2,-0.08752592513668533
Jack Butland,1,0.9120898545108092,1,-0.08791014548919085
Gurpreet Singh Sandhu,2,1.9120491456149407,2,-0.08795085438505934
Ramazan Özcan,2,1.910384505499757,2,-0.08961549450024298
Diogo Meireles Costa,3,1.9095620049714008,2,-0.09043799502859917
Dominik Livaković,1,0.9063937256182307,1,-0.09360627438176927
Benoît Guy Robert Costil,3,1.9018176406054135,2,-0.09818235939458653
Jonathan Ligali,1,0.8997177895622381,1,-0.10028221043776187
Bart Verbruggen,1,0.8997177895622381,1,-0.10028221043776187
Sergio Álvarez Conde,4,2.899438829078998,3,-0.10056117092100214
Roberto Jiménez Gago,1,0.8990792381586135,1,-0.10092076184138654
Marko Dmitrović,1,0.895568135277102,1,-0.104431864722898
Łukasz Skorupski,2,1.8932499717754097,2,-0.10675002822459034
Claudio Andrés Bravo Muñoz,3,1.8922591412017415,2,-0.10774085879825845
Manuel Riemann,2,1.8895144252079645,2,-0.11048557479203547
David Cobeño Iglesias,1,0.8881581345865548,1,-0.11184186541344521
Ronwen Williams,7,4.887420998026613,5,-0.112579001973387
Stéphane Ruffier,2,0.8848506250800329,1,-0.11514937491996713
John Ruddy,2,1.8799684493666904,2,-0.12003155063330961
Jon Ander Serantes Simon,1,0.8796563013341802,1,-0.12034369866581984
Jaime Jiménez Merlo,1,0.879607968955031,1,-0.12039203104496898
Juan Antonio Rodríguez Villamuela,1,0.8747608700746775,1,-0.1252391299253225
Antonio Rodríguez Martínez,4,3.8695518239819675,4,-0.1304481760180325
Mark Bunn,2,0.8666716232696935,1,-0.1333283767303065
Francisco Guillermo Ochoa Magaña,2,0.8644192576320696,1,-0.13558074236793038
Gustavo Adolfo Munúa Vera,2,1.8601952461006859,2,-0.13980475389931413
Andrea Consigli,3,1.8595007764034537,2,-0.14049922359654632
Gauthier Gallon,1,0.8583081123147215,1,-0.14169188768527852
Jérôme Prior,1,0.8583081123147215,1,-0.14169188768527852
Simone Colombi,1,0.856996563283506,1,-0.14300343671649396
Rémy Riou,3,2.856978149867721,3,-0.14302185013227886
Iván Cuéllar Sacristán,7,5.8544415858222365,6,-0.1455584141777635
Edouard Mendy,1,0.8515252267328333,1,-0.14847477326716674
Jules Goda,1,0.8515252267328333,1,-0.14847477326716674
Bernd Leno,4,2.8514750057559795,3,-0.14852499424402055
Andries Noppert,2,1.8509748532991466,2,-0.14902514670085343
Diego López Rodríguez,2,1.8502964240535194,2,-0.14970357594648065
Angelo Esmael da Costa Júnior,1,0.8465664915829633,1,-0.15343350841703673
Pierluigi Gollini,3,2.8460354235189635,3,-0.15396457648103645
Przemysław Tytoń,3,2.8458455476910394,3,-0.15415445230896063
Steve Mandanda,3,2.8413206813579204,3,-0.15867931864207963
Thomas Løvendahl Sørensen,1,0.8371893236684977,1,-0.16281067633150226
David Yelldell,1,0.8355913092327599,1,-0.16440869076724007
Djigui Diarra,1,0.8278147684303265,1,-0.17218523156967347
Paul Robinson,1,0.8264018483011317,1,-0.17359815169886827
Clément Maury,2,1.8246390849646872,2,-0.17536091503531281
Francesc Arnau,1,0.8144975251478398,1,-0.1855024748521602
Lawrence Ati-Zigi,1,0.8132269808396074,1,-0.18677301916039257
Ernan Alberto Siluane,1,0.8058149338786239,1,-0.1941850661213761
Jaime Manuel Penedo Cano,2,1.8047302795243922,2,-0.19526972047560776
Diego Mariño Villar,4,3.801530892609001,4,-0.198469107390999
Alexander Nübel,2,1.8007377374756866,2,-0.19926226252431345
Rob Elliot,1,0.8003491378276716,1,-0.1996508621723284
Hugo Lloris,12,9.796985298702978,10,-0.20301470129702182
Orestis Karnezis,3,2.7909382655952464,3,-0.20906173440475362
Kamaljit Singh,2,1.789413869211928,2,-0.2105861307880721
Shūichi Gonda,2,1.7833519935177664,2,-0.2166480064822336
José Manuel Reina Páez,1,0.7710335424548206,1,-0.2289664575451794
Hrithik Tiwari,1,0.7710335424548206,1,-0.2289664575451794
Stanley Bobo Nwabali,3,1.7699357118353034,2,-0.2300642881646966
Antonio Mirante,5,3.765085417303318,4,-0.23491458269668186
Yahia Fofana,1,0.7628443895561579,1,-0.23715561044384215
Pedro Gonzalez Contreras Cano,1,0.7628443895561579,1,-0.23715561044384215
Juan Carlos Martín Corral,3,1.7567305197131937,2,-0.24326948028680628
Roman Bürki,4,3.755390019259698,4,-0.24460998074030194
Ivane Carminio Francisco Urrubal,2,1.7537174096520531,2,-0.24628259034794686
Rafael Enrique Romo Pérez,2,1.7448887993144775,2,-0.2551112006855225
David Ospina Ramírez,2,1.7373944027549242,2,-0.2626055972450758
Marwin Hitz,4,2.727776899378239,3,-0.272223100621761
Shay Given,2,1.7273716333843638,2,-0.27262836661563616
Gorka Iraizoz Moreno,6,4.725263635881333,5,-0.27473636411866664
Jonas Lössl,4,1.7230689453929169,2,-0.2769310546070831
Norberto Murara Neto,3,2.719881752661952,3,-0.28011824733804813
Germán Darío Lux,4,2.71896645321707,3,-0.2810335467829299
Declan Rudd,4,3.7160175426750865,4,-0.28398245732491345
César Sánchez Domínguez,3,2.7141066835847267,3,-0.28589331641527327
Felix Wiedwald,2,1.70779914343865,2,-0.2922008565613501
Thibaut Courtois,2,1.7025413207468916,2,-0.2974586792531084
Aitor Fernández Abarisketa,1,0.6863251301772396,1,-0.3136748698227604
Lovre Kalinić,1,0.6765828657975033,1,-0.32341713420249674
Gianluigi Buffon,1,0.6682939490976941,1,-0.33170605090230587
Dudú Aouate,5,3.65619333733317,4,-0.34380666266683013
Glyn Oliver Myhill,2,1.6549287755301663,2,-0.34507122446983374
Kevin Trapp,4,2.6544955261411967,3,-0.34550447385880334
Ron-Robert Zieler,3,2.6540101046266065,3,-0.34598989537339353
Iago Herrerín Buisán,3,2.6345891903486645,3,-0.36541080965133554
Stefano Sorrentino,4,3.620539264841987,4,-0.37946073515801304
Wayne Hennessey,2,1.6195421921194137,2,-0.38045780788058625
Jan Oblak,5,3.616091147270985,4,-0.38390885272901487
Samir Handanovič,5,3.615613556361045,4,-0.384386443638955
Daniele Padelli,4,3.612466645152086,4,-0.38753335484791407
Tim Howard,4,3.579267016751042,4,-0.4207329832489579
David de Gea Quintana,2,1.5787710321678499,2,-0.42122896783215014
Víctor Valdés Arribas,7,5.576148701396726,6,-0.42385129860327364
Alisson Ramsés Becker,2,1.5637370688518049,2,-0.43626293114819514
Marc-André ter Stegen,4,3.5259006460137523,4,-0.4740993539862477
Vicente Guaita Panadero,7,4.466245289269416,5,-0.5337547107305838
Dayne Tristan St. Clair,4,3.458402099132634,4,-0.5415979008673659
Mathew Ryan,1,0.44065268995344536,1,-0.5593473100465547
Prabhushkan Singh Gill,4,3.4203060717698266,4,-0.5796939282301734
Pau López Sabata,5,4.406653006781311,5,-0.593346993218689
Mike Maignan,3,2.39757754901998,3,-0.6024224509800198
Kasper Schmeichel,8,5.380008940489524,6,-0.6199910595104763
Diego Alves Carreira,5,4.331911159265651,5,-0.6680888407343488
Paul Bernardoni,6,5.278716538208299,6,-0.7212834617917014
Yann Sommer,8,7.1224208788609085,8,-0.8775791211390915
Igor Akinfeev,4,1.9162398952233959,3,-1.0837601047766041
