goalkeeper,penalties_taken_against,penalties_saved,goals_conceded,goalkeeper_save_rate
Adam Federici,1,0,1,0.0
Adrián San Miguel del Castillo,7,2,5,0.2857142857142857
Aitor Fernández Abarisketa,1,0,1,0.0
Alban Lafont,1,1,0,1.0
Albano Benjamín Bizzarri,4,2,2,0.5
Alberto Brignoli,1,0,1,0.0
Alberto García Cabrera,3,2,1,0.6666666666666666
Alberto Pelagotti,1,0,1,0.0
Albino Gomes,1,0,1,0.0
Alejandro Remiro Gargallo,1,0,1,0.0
Alex McCarthy,1,0,1,0.0
Alexander Domínguez Carabalí,5,0,4,0.0
Alexander Nübel,2,0,2,0.0
Alexandre Letellier,4,0,3,0.0
Ali Nadhoim Ahamada,1,1,0,1.0
Alireza Safar Beiranvand,1,1,0,1.0
Alisson Ramsés Becker,9,1,8,0.1111111111111111
Alphonse Areola,2,1,1,0.5
Amrinder Singh,2,1,1,0.5
Andrea Consigli,4,2,2,0.5
Andreas Hirzel,1,0,1,0.0
Andries Noppert,6,0,5,0.0
Andrés Eduardo Fernández Moreno,7,0,6,0.0
Andrés Palop Cervera,3,1,2,0.3333333333333333
Angelo Esmael da Costa Júnior,1,0,1,0.0
Angus Gunn,1,0,1,0.0
Anthony Lopes,3,0,3,0.0
Anthony Louis Mandréa,2,0,2,0.0
Antonio Adán Garrido,3,1,1,0.3333333333333333
Antonio Mirante,8,1,7,0.125
Antonio Rodríguez Martínez,5,1,4,0.2
António Alberto Bastos Pimparel,1,0,1,0.0
Arindam Bhattacharja,1,0,0,0.0
Armando Riveiro de Aguilar Malda,1,0,1,0.0
Arthur Desmas,1,0,1,0.0
Artur Boruc,5,1,3,0.2
Asier Riesgo Unamuno,5,2,3,0.4
Asmir Begović,2,0,2,0.0
Axel Werner,1,0,1,0.0
Babacar Niasse,2,0,2,0.0
Bart Verbruggen,1,0,1,0.0
Ben Foster,1,0,1,0.0
Benjamin Lecomte,4,0,3,0.0
Benoît Guy Robert Costil,3,1,2,0.3333333333333333
Bernd Leno,6,1,5,0.16666666666666666
Bradley Guzan,3,0,2,0.0
Casto Espinosa Barriga,1,0,1,0.0
Christian Mathenia,4,1,3,0.25
Claudio Andrés Bravo Muñoz,8,2,6,0.25
Clément Maury,4,0,4,0.0
Costel Fane Pantilimon,4,0,4,0.0
Cristian Darío Álvarez,3,0,3,0.0
Cédric Carrasso,2,1,1,0.5
César Sánchez Domínguez,3,0,3,0.0
Damián Emiliano Martínez,16,5,9,0.3125
Daniel Alberto Carnevali,1,0,1,0.0
Daniel Bachmann,1,0,1,0.0
Daniele Padelli,7,0,7,0.0
Danijel Subašić,14,6,7,0.42857142857142855
Darren Randolph,1,0,1,0.0
David Cobeño Iglesias,1,0,1,0.0
David Ospina Ramírez,7,1,6,0.14285714285714285
David Soria Solís,1,0,1,0.0
David Yelldell,1,0,1,0.0
David de Gea Quintana,8,0,8,0.0
Davide Bassi,2,0,1,0.0
Dayne Tristan St. Clair,4,0,4,0.0
Debjit Majumder,1,0,1,0.0
Declan Rudd,4,0,4,0.0
Denis Petrić,2,0,2,0.0
Dheeraj Singh Moirangthem,1,0,1,0.0
Diego Alves Carreira,5,0,5,0.0
Diego López Rodríguez,3,0,3,0.0
Diego Mariño Villar,4,0,4,0.0
Diego Orlando Benaglio,1,0,1,0.0
Dimitry Bertaud,8,0,7,0.0
Diogo Meireles Costa,9,3,6,0.3333333333333333
Djigui Diarra,2,0,1,0.0
Dominik Livaković,10,4,5,0.4
Dudú Aouate,5,1,4,0.2
Edouard Mendy,6,0,6,0.0
Eike Immel,1,0,1,0.0
Emiliano Viviano,9,4,5,0.4444444444444444
Ernan Alberto Siluane,1,0,1,0.0
Essam Kamal Tawfik El Hadary,2,1,1,0.5
Etrit Berisha,2,1,1,0.5
Eugenio Lamanna,1,0,1,0.0
Farouk Ben Mustapha,1,0,1,0.0
Federico Marchetti,6,2,3,0.3333333333333333
Felipe Melo de Carvalho,1,0,1,0.0
Felix Wiedwald,6,0,6,0.0
Fernando Pacheco Flores,3,1,2,0.3333333333333333
Francesc Arnau,1,0,1,0.0
Francesco Bardi,2,1,1,0.5
Francis Odinaka Uzoho,2,0,1,0.0
Francisco Casilla Cortés,2,0,2,0.0
Francisco Guillermo Ochoa Magaña,2,1,1,0.5
Franco Armani,2,0,2,0.0
Franco Costanzo,1,0,0,0.0
Frederik Rønnow,1,0,1,0.0
Gabriel Vasconelos Ferreira,2,1,1,0.5
Gauthier Gallon,1,0,1,0.0
Germán Darío Lux,4,1,3,0.25
Gerónimo Rulli,5,1,3,0.2
Gianluca Pegolo,1,0,1,0.0
Gianluigi Buffon,3,1,2,0.3333333333333333
Gianluigi Donnarumma,20,5,10,0.25
Giedrius Arlauskis,1,0,1,0.0
Glyn Oliver Myhill,5,0,4,0.0
Gorka Iraizoz Moreno,8,1,7,0.125
Grégory Coupet,1,0,1,0.0
Gurpreet Singh Sandhu,2,0,2,0.0
Gustavo Adolfo Munúa Vera,2,0,2,0.0
Hannes Þór Halldórsson,1,1,0,1.0
Heorhii Bushchan,1,1,0,1.0
Hernán Ismael Galíndez,1,0,1,0.0
Heurelho da Silva Gomes,8,3,4,0.375
Hrithik Tiwari,1,0,1,0.0
Hugo Lloris,20,1,18,0.05
Hyeon-Woo Jo,2,0,2,0.0
Iago Herrerín Buisán,3,0,3,0.0
Ian Walker,1,0,1,0.0
Ibrahim Kone,2,0,1,0.0
Idriss Carlos Kameni,5,1,4,0.2
Igor Akinfeev,11,3,8,0.2727272727272727
Iker Casillas Fernández,2,1,1,0.5
Ivane Carminio Francisco Urrubal,2,0,2,0.0
Iván Cuéllar Sacristán,8,1,6,0.125
Iñaki Lafuente Sancha,1,0,1,0.0
Jack Butland,3,0,3,0.0
Jahmali Waite,1,0,1,0.0
Jaime Jiménez Merlo,1,0,1,0.0
Jaime Manuel Penedo Cano,2,0,2,0.0
Jakob Haugaard,1,0,1,0.0
Jan Jongbloed,1,0,1,0.0
Jan Oblak,11,0,10,0.0
Jaroslav Drobný,1,1,0,1.0
Jasper Cillessen,1,1,0,1.0
Jaume Doménech Sánchez,3,3,0,1.0
Javier Varas Herrera,3,1,1,0.3333333333333333
Jean-Louis Leca,4,1,2,0.25
Jens Lehmann,4,0,3,0.0
Jeremías Ledesma,1,0,1,0.0
Jerzy Dudek,4,1,2,0.25
Jessy Moulin,1,0,1,0.0
Jesús Fernández Collado,1,0,0,0.0
Jindřich Staněk,1,0,1,0.0
Joe Hart,1,0,1,0.0
Joel Robles Blázquez,2,0,1,0.0
Johann Carrasso,2,0,2,0.0
John Ruddy,6,0,5,0.0
Johny Placide,1,0,0,0.0
Jon Ander Serantes Simon,1,0,1,0.0
Jonas Lössl,7,2,5,0.2857142857142857
Jonas Omlin,2,1,1,0.5
Jonathan Ligali,1,0,1,0.0
Jordan Pickford,18,3,13,0.16666666666666666
Jordi Masip López,2,1,1,0.5
Josimar José Évora Dias,4,1,2,0.25
José Manuel Pinto Colorado,3,0,3,0.0
José Manuel Reina Páez,3,0,3,0.0
Juan Antonio Rodríguez Villamuela,1,0,1,0.0
Juan Carlos Martín Corral,5,1,4,0.2
Jules Goda,1,0,1,0.0
Julio José González Vela-Alvizu,1,0,1,0.0
Julián Speroni,1,0,1,0.0
Jérôme Prior,2,1,1,0.5
Kamaljit Singh,6,2,4,0.3333333333333333
Karl Darlow,1,1,0,1.0
Kasper Schmeichel,15,4,10,0.26666666666666666
Kevin Müller,1,0,1,0.0
Kevin Trapp,5,2,3,0.4
Keylor Navas Gamboa,14,3,9,0.21428571428571427
Koen Casteels,1,1,0,1.0
Laurent Pionnier,2,0,2,0.0
Lawrence Ati-Zigi,1,0,1,0.0
Laxmikant Kattimani,6,4,2,0.6666666666666666
Lionel Mpasi-Nzau,11,0,9,0.0
Lloyd Junior Kazapua,1,0,1,0.0
Loris Karius,7,2,3,0.2857142857142857
Lovre Kalinić,1,0,1,0.0
Luca Lezzerini,1,0,1,0.0
Ludovic Butelle,1,0,1,0.0
Lukáš Hrádecký,6,2,3,0.3333333333333333
Maarten Stekelenburg,1,0,1,0.0
Manuel Neuer,8,1,6,0.125
Manuel Riemann,2,0,2,0.0
Marc-André ter Stegen,12,1,11,0.08333333333333333
Marco Sportiello,7,3,4,0.42857142857142855
Mario Fernández Cuesta,1,0,1,0.0
Mark Bunn,2,1,1,0.5
Mark Schwarzer,1,0,1,0.0
Marko Dmitrović,1,0,1,0.0
Martin Dúbravka,3,1,2,0.3333333333333333
Marwin Hitz,7,1,5,0.14285714285714285
Massimo Zenildo Zappino,2,0,2,0.0
Mathew Ryan,2,0,2,0.0
Matthew Charles Turner,1,0,1,0.0
Matthieu Dreyer,3,2,1,0.6666666666666666
Mattia Perin,1,1,0,1.0
Mauro Daniel Goicoechea Furia,1,1,0,1.0
Maxime Crépeau,6,1,3,0.16666666666666666
Michael Zetterer,1,0,1,0.0
Miguel Ángel Moyà Rumbo,1,0,1,0.0
Mike Maignan,8,2,4,0.25
Mirshad Koottappunna,1,0,1,0.0
Mohamed Abougabal,9,0,8,0.0
Mohammad Nawaz,6,2,4,0.3333333333333333
Mohammed Khalil Al Owais,1,0,1,0.0
Morgan De Sanctis,2,1,1,0.5
Mory Diaw,1,0,1,0.0
Mouez Hassen,1,0,0,0.0
Naveen Kumar,1,0,1,0.0
Nelson de Jesus da Silva,5,2,3,0.4
Nicola Leali,5,1,4,0.2
Norberto Murara Neto,4,0,4,0.0
Odisseas Vlachodimos,1,0,1,0.0
Oier Olazábal Paredes,2,0,2,0.0
Oliver Baumann,2,0,2,0.0
Orestis Karnezis,8,1,7,0.125
Orlando Mosquera,2,0,2,0.0
Patrick Gilmar Sequeira Mejías,1,0,1,0.0
Pau López Sabata,7,0,7,0.0
Paul Bernardoni,11,1,8,0.09090909090909091
Paul Robinson,1,0,1,0.0
Pedro David Gallese Quiróz,1,0,0,0.0
Pedro Gonzalez Contreras Cano,1,0,1,0.0
Petr Čech,7,3,4,0.42857142857142855
Pierluigi Gollini,5,0,5,0.0
Prabhushkan Singh Gill,8,0,7,0.0
Przemysław Tytoń,5,1,4,0.2
Péter Gulácsi,1,0,1,0.0
Rafael Enrique Romo Pérez,7,2,4,0.2857142857142857
Rafael de Andrade Bittencourt Pinheiro,1,0,1,0.0
Ralf Fährmann,3,1,2,0.3333333333333333
Ramazan Özcan,2,0,2,0.0
Raúl Lizoáin Cruz,2,0,2,0.0
Rehnesh Thumbirumbu Paramba,2,1,1,0.5
René Adler,3,0,3,0.0
Ricardo Alexandre Martins Soares Pereira,1,1,0,1.0
Ricardo López Felipe,1,0,1,0.0
Ricardo Sanzol Goñi,1,0,1,0.0
Richard Ofori Antwi,1,0,1,0.0
Richard Wright,1,0,1,0.0
Rob Elliot,4,0,4,0.0
Roberto Jiménez Gago,2,0,2,0.0
Rodrigo Mario Morínigo Acosta,2,0,1,0.0
Roman Bürki,4,0,4,0.0
Ron-Robert Zieler,7,0,7,0.0
Ronwen Williams,19,6,11,0.3157894736842105
Rubén Blanco Veiga,1,0,1,0.0
Rubén Iván Martínez Andrade,5,2,2,0.4
Rui Pedro dos Santos Patrício,2,0,2,0.0
Rune Almenning Jarstein,4,0,4,0.0
Rémy Riou,5,1,4,0.2
Rémy Vercoutre,2,0,2,0.0
Saad Abdullah Al Sheeb,1,0,1,0.0
Salvatore Sirigu,1,0,1,0.0
Samir Handanovič,6,1,5,0.16666666666666666
Sepp Maier,1,0,1,0.0
Sergio Asenjo Andrés,2,0,2,0.0
Sergio Rico González,2,0,1,0.0
Sergio Rochet Álvarez,11,3,6,0.2727272727272727
Sergio Álvarez Conde,5,1,3,0.2
Seung-Gyu Kim,1,0,1,0.0
Shaka Hislop,1,0,1,0.0
Shay Given,2,0,2,0.0
Shūichi Gonda,5,0,4,0.0
Simon Mignolet,3,1,2,0.3333333333333333
Simone Colombi,1,0,1,0.0
Stanley Bobo Nwabali,5,2,3,0.4
Stefano Sorrentino,7,0,7,0.0
Stefano Tacconi,1,0,1,0.0
Steve Mandanda,7,1,6,0.14285714285714285
Stole Dimitrievski,2,1,1,0.5
Stéphane Ruffier,3,1,2,0.3333333333333333
Subhasish Roy Chowdhury,1,0,1,0.0
Suvam Sen,1,0,1,0.0
Sven Ulreich,1,0,1,0.0
Thibaut Courtois,4,2,2,0.5
Thomas Løvendahl Sørensen,1,0,1,0.0
Thomas Vincensini,1,0,1,0.0
Tim Howard,4,0,4,0.0
Timo Hildebrand,1,0,1,0.0
Timo Horn,4,1,3,0.25
Tomáš Vaclík,1,0,1,0.0
Unai Simón Mendibil,14,5,8,0.35714285714285715
Uğurcan Çakır,1,0,0,0.0
Vicente Guaita Panadero,12,2,10,0.16666666666666666
Vid Belec,4,1,3,0.25
Viktor Chanov,1,0,1,0.0
Vincent Enyeama,2,0,2,0.0
Vishal Kaith,1,0,1,0.0
Vito Mannone,2,0,1,0.0
Víctor Valdés Arribas,29,7,21,0.2413793103448276
Wayne Hennessey,2,0,2,0.0
Wojciech Szczęsny,10,2,6,0.2
Yahia Fofana,7,1,5,0.14285714285714285
Yann Sommer,24,2,19,0.08333333333333333
Yassine Bounou,4,2,0,0.5
Yoan Cardinale,4,0,4,0.0
Yoel Rodríguez Oterino,4,1,3,0.25
Ørjan Håskjold Nyland,2,1,1,0.5
Łukasz Fabiański,2,0,2,0.0
Łukasz Skorupski,2,0,2,0.0
Željko Brkić,2,0,2,0.0
